print_type,total,flagged,clean,pct_flagged
Coin cell,1179,603,576,51.14503816793893
PCB print,5615,3223,2392,57.399821905609976
