True,index,freq,Re(Z),Im(Z),Z,Phase(Z),time,Ewe_meas,I_meas,Cs,Cp,cycle_number,I_Range,Ewe,I,Ns,(QQo),cycle
220,220,7000018.5,116.34815,1214.141,1219.7029,-84.5262,162.9644819270179,0.0030107726,-4.785974e-05,1.8726294e-05,1.8555898e-05,3.0,40,0.009919211,8.1324815e-06,0,-5.368970294147878e-08,3.0
221,221,6057573.0,134.1053,1592.9358,1598.5708,-85.18776,163.51649573989562,0.0030013078,-3.941302e-05,1.6493896e-05,1.6377817e-05,3.0,40,0.014160446,8.858191e-06,0,-5.395410518560774e-08,3.0
222,222,5242039.0,234.29878,1705.3308,1721.351,-82.176994,163.93249543968705,0.002991992,-2.6110143e-05,1.780374e-05,1.7473893e-05,3.0,40,0.019324942,1.1226613e-05,0,-5.157013963222055e-08,3.0
